OrderID,CustomerID,CustomerName,Region,Product,Quantity,Price,OrderDate,LastUpdated
1001,82,Bob,North,Widget C,2,49.02,2025-05-04,2025-05-05 20:00:00
1002,95,Bob,West,Widget A,1,32.18,2025-05-08,2025-05-09 09:00:00
1003,78,Alice,South,Widget D,2,78.4,2025-05-09,2025-05-09 01:00:00
1004,98,Charlie,West,Widget C,3,40.21,2025-05-11,2025-05-11 07:00:00
1005,12,Grace,North,Widget C,3,98.48,2025-05-02,2025-05-03 23:00:00
1006,59,Bob,West,Widget A,5,58.11,2025-05-20,2025-05-21 00:00:00
1007,74,David,North,Widget A,2,120.5,2025-05-03,2025-05-03 15:00:00
1008,13,Grace,East,Widget D,3,41.15,2025-05-12,2025-05-12 14:00:00
1009,86,Eva,North,Widget B,5,114.79,2025-05-06,2025-05-07 06:00:00
1010,49,Eva,South,Widget C,1,49.78,2025-05-02,2025-05-02 21:00:00
1011,52,Eva,North,Widget B,5,133.93,2025-05-11,2025-05-11 14:00:00
1012,84,Helen,West,Widget D,2,54.43,2025-05-08,2025-05-10 00:00:00
1013,72,Eva,West,Widget D,3,48.51,2025-05-05,2025-05-06 09:00:00
1014,64,Bob,North,Widget A,2,101.57,2025-05-14,2025-05-15 15:00:00
1015,9,Grace,West,Widget D,5,52.68,2025-05-18,2025-05-18 01:00:00
1016,88,Bob,East,Widget C,1,58.16,2025-05-06,2025-05-07 06:00:00
1017,1,Eva,South,Widget A,3,129.42,2025-05-17,2025-05-18 15:00:00
1018,26,Charlie,East,Widget B,5,143.95,2025-05-17,2025-05-17 01:00:00
1019,77,Frank,West,Widget A,1,140.78,2025-05-10,2025-05-10 16:00:00
1020,8,David,North,Widget A,4,126.08,2025-05-18,2025-05-18 09:00:00
1021,17,Helen,South,Widget C,5,133.42,2025-05-14,2025-05-14 14:00:00
1022,70,David,East,Widget D,3,76.95,2025-05-17,2025-05-18 05:00:00
1023,16,David,South,Widget A,3,22.73,2025-05-18,2025-05-18 15:00:00
1024,76,David,North,Widget A,1,49.76,2025-05-02,2025-05-02 22:00:00
1025,10,David,East,Widget D,2,90.1,2025-05-19,2025-05-20 13:00:00
1026,61,David,West,Widget D,2,32.26,2025-05-14,2025-05-14 23:00:00
1027,55,Grace,West,Widget A,1,27.88,2025-05-11,2025-05-11 07:00:00
1028,32,David,South,Widget D,2,74.84,2025-05-09,2025-05-10 06:00:00
1029,32,Bob,West,Widget A,1,104.78,2025-05-18,2025-05-18 01:00:00
1030,12,David,South,Widget D,4,82.58,2025-05-13,2025-05-13 04:00:00
1031,22,Grace,North,Widget D,3,140.45,2025-05-15,2025-05-15 19:00:00
1032,55,Helen,South,Widget B,3,48.3,2025-05-02,2025-05-03 14:00:00
1033,95,Alice,East,Widget A,1,95.94,2025-05-17,2025-05-18 10:00:00
1034,21,Alice,North,Widget B,1,97.35,2025-05-08,2025-05-09 02:00:00
1035,16,David,North,Widget A,4,105.46,2025-05-19,2025-05-20 10:00:00
1036,41,Eva,South,Widget C,2,54.53,2025-05-05,2025-05-06 19:00:00
1037,83,Eva,West,Widget C,1,21.21,2025-05-20,2025-05-21 13:00:00
1038,13,Bob,South,Widget C,2,141.32,2025-05-03,2025-05-03 16:00:00
1039,48,Eva,South,Widget D,5,111.46,2025-05-20,2025-05-21 18:00:00
1040,68,Alice,East,Widget A,2,54.38,2025-05-04,2025-05-06 00:00:00
1041,71,Charlie,East,Widget C,5,47.38,2025-05-11,2025-05-11 14:00:00
1042,88,Eva,West,Widget C,1,32.0,2025-05-14,2025-05-14 18:00:00
1043,6,Alice,East,Widget B,3,41.01,2025-05-15,2025-05-16 12:00:00
1044,91,Grace,North,Widget A,1,142.86,2025-05-05,2025-05-06 11:00:00
1045,5,Frank,South,Widget D,2,25.44,2025-05-12,2025-05-12 03:00:00
1046,46,David,South,Widget A,3,121.42,2025-05-14,2025-05-15 16:00:00
1047,96,Charlie,South,Widget B,2,134.58,2025-05-01,2025-05-01 12:00:00
1048,95,Frank,West,Widget B,3,40.7,2025-05-04,2025-05-05 01:00:00
1049,5,Helen,South,Widget B,4,65.46,2025-05-08,2025-05-08 15:00:00
1050,4,David,West,Widget C,3,132.37,2025-05-09,2025-05-09 23:00:00
1051,83,Grace,East,Widget A,1,134.01,2025-05-09,2025-05-09 12:00:00
1052,75,Eva,North,Widget A,5,76.49,2025-05-11,2025-05-12 04:00:00
1053,78,Bob,West,Widget B,3,25.77,2025-05-14,2025-05-14 01:00:00
1054,67,David,East,Widget D,1,143.35,2025-05-11,2025-05-12 16:00:00
1055,41,Bob,East,Widget C,4,62.4,2025-05-10,2025-05-11 12:00:00
1056,17,David,West,Widget D,2,100.02,2025-05-10,2025-05-11 02:00:00
1057,71,Alice,East,Widget C,2,75.89,2025-05-19,2025-05-20 15:00:00
1058,84,Frank,West,Widget D,4,107.83,2025-05-17,2025-05-18 07:00:00
1059,95,Charlie,North,Widget C,5,106.3,2025-05-20,2025-05-20 22:00:00
1060,12,David,East,Widget B,2,39.16,2025-05-02,2025-05-02 16:00:00
1061,61,Bob,West,Widget D,5,45.28,2025-05-13,2025-05-14 08:00:00
1062,52,David,South,Widget A,1,121.19,2025-05-08,2025-05-08 12:00:00
1063,90,Helen,North,Widget B,1,79.34,2025-05-15,2025-05-16 19:00:00
1064,68,Frank,West,Widget D,5,77.97,2025-05-06,2025-05-08 00:00:00
1065,61,Helen,East,Widget B,3,119.56,2025-05-17,2025-05-18 08:00:00
1066,81,David,East,Widget D,1,112.76,2025-05-08,2025-05-08 18:00:00
1067,43,Frank,North,Widget B,2,50.06,2025-05-05,2025-05-06 22:00:00
1068,28,Bob,West,Widget D,3,90.54,2025-05-14,2025-05-14 04:00:00
1069,27,Grace,West,Widget A,5,69.45,2025-05-01,2025-05-01 23:00:00
1070,39,Grace,West,Widget B,4,48.52,2025-05-14,2025-05-15 08:00:00
1071,4,Grace,East,Widget D,2,129.27,2025-05-05,2025-05-06 16:00:00
1072,69,Alice,West,Widget A,1,103.56,2025-05-05,2025-05-06 06:00:00
1073,24,Alice,East,Widget D,3,47.52,2025-05-11,2025-05-11 22:00:00
1074,98,Grace,East,Widget D,3,128.54,2025-05-16,2025-05-16 02:00:00
1075,96,Alice,East,Widget B,1,121.56,2025-05-02,2025-05-02 02:00:00
1076,32,David,North,Widget B,2,36.41,2025-05-04,2025-05-05 13:00:00
1077,28,Helen,East,Widget C,2,98.77,2025-05-04,2025-05-04 11:00:00
1078,40,Bob,North,Widget C,5,108.06,2025-05-13,2025-05-14 02:00:00
1079,92,David,North,Widget B,1,110.64,2025-05-10,2025-05-11 20:00:00
1080,77,Bob,North,Widget C,5,75.69,2025-05-12,2025-05-12 05:00:00
1081,65,Frank,North,Widget D,4,33.72,2025-05-12,2025-05-13 17:00:00
1082,59,Charlie,West,Widget B,5,145.51,2025-05-09,2025-05-10 16:00:00
1083,69,Helen,West,Widget D,5,54.89,2025-05-08,2025-05-08 06:00:00
1084,36,Helen,South,Widget D,5,99.34,2025-05-13,2025-05-13 22:00:00
1085,4,Helen,East,Widget B,4,47.58,2025-05-09,2025-05-09 22:00:00
1086,36,Eva,North,Widget B,1,51.38,2025-05-14,2025-05-15 08:00:00
1087,72,David,West,Widget D,4,123.08,2025-05-03,2025-05-03 19:00:00
1088,29,Grace,South,Widget C,5,67.97,2025-05-18,2025-05-19 10:00:00
1089,45,Grace,East,Widget C,4,55.22,2025-05-09,2025-05-09 15:00:00
1090,16,David,East,Widget A,5,143.61,2025-05-06,2025-05-06 13:00:00
1091,28,Helen,East,Widget C,1,128.24,2025-05-10,2025-05-10 15:00:00
1092,47,Charlie,East,Widget A,5,36.46,2025-05-02,2025-05-02 04:00:00
1093,71,Eva,South,Widget D,1,133.45,2025-05-19,2025-05-19 19:00:00
1094,61,Helen,West,Widget C,2,145.51,2025-05-09,2025-05-10 07:00:00
1095,15,Bob,West,Widget D,1,95.01,2025-05-02,2025-05-02 10:00:00
1096,20,Eva,North,Widget B,1,92.55,2025-05-14,2025-05-15 15:00:00
1097,77,David,West,Widget D,4,58.66,2025-05-19,2025-05-20 04:00:00
1098,40,Alice,North,Widget B,2,54.4,2025-05-03,2025-05-03 11:00:00
1099,31,Charlie,North,Widget B,1,73.11,2025-05-20,2025-05-21 07:00:00
1100,38,Alice,South,Widget C,3,111.39,2025-05-15,2025-05-15 05:00:00
1101,88,David,East,Widget B,4,34.92,2025-05-08,2025-05-09 18:00:00
1102,20,Eva,South,Widget A,1,41.57,2025-05-10,2025-05-11 15:00:00
1103,96,Eva,West,Widget A,4,109.53,2025-05-13,2025-05-13 18:00:00
1104,65,Helen,West,Widget A,5,25.18,2025-05-14,2025-05-16 00:00:00
1105,42,Eva,North,Widget A,2,145.05,2025-05-19,2025-05-20 14:00:00
1106,3,Eva,North,Widget B,4,87.47,2025-05-15,2025-05-15 18:00:00
1107,24,Grace,West,Widget A,4,65.23,2025-05-11,2025-05-11 21:00:00
1108,86,Bob,South,Widget C,4,110.18,2025-05-10,2025-05-11 19:00:00
1109,52,Alice,West,Widget A,3,52.81,2025-05-04,2025-05-05 02:00:00
1110,66,Alice,West,Widget D,1,44.39,2025-05-12,2025-05-13 16:00:00
1111,97,Helen,West,Widget A,2,54.72,2025-05-05,2025-05-05 19:00:00
1112,57,Helen,North,Widget A,5,123.91,2025-05-06,2025-05-06 20:00:00
1113,71,Alice,West,Widget A,2,148.99,2025-05-04,2025-05-05 06:00:00
1114,16,Charlie,West,Widget C,5,111.7,2025-05-14,2025-05-15 07:00:00
1115,61,David,West,Widget B,4,44.78,2025-05-20,2025-05-21 09:00:00
1116,96,Charlie,North,Widget C,4,64.18,2025-05-17,2025-05-17 18:00:00
1117,1,Eva,East,Widget D,2,78.05,2025-05-16,2025-05-16 23:00:00
1118,43,Grace,West,Widget C,2,147.5,2025-05-08,2025-05-09 13:00:00
1119,50,David,West,Widget A,3,116.81,2025-05-13,2025-05-14 01:00:00
1120,85,Charlie,West,Widget A,2,85.3,2025-05-19,2025-05-19 22:00:00
1121,13,Helen,North,Widget D,1,113.92,2025-05-14,2025-05-15 18:00:00
1122,20,Bob,West,Widget C,3,101.02,2025-05-13,2025-05-14 18:00:00
1123,11,Frank,West,Widget C,4,133.41,2025-05-02,2025-05-03 16:00:00
1124,9,David,East,Widget B,1,76.42,2025-05-04,2025-05-05 17:00:00
1125,91,Bob,West,Widget B,3,137.45,2025-05-02,2025-05-02 21:00:00
1126,8,Eva,East,Widget C,4,38.92,2025-05-17,2025-05-18 03:00:00
1127,73,Charlie,South,Widget B,1,99.23,2025-05-13,2025-05-14 16:00:00
1128,88,David,West,Widget B,2,79.95,2025-05-09,2025-05-10 06:00:00
1129,33,Alice,West,Widget C,5,40.54,2025-05-15,2025-05-15 23:00:00
1130,76,Eva,West,Widget C,4,129.89,2025-05-07,2025-05-08 01:00:00
1131,62,Bob,South,Widget D,5,66.66,2025-05-10,2025-05-11 21:00:00
1132,38,Alice,West,Widget C,1,93.57,2025-05-02,2025-05-03 15:00:00
1133,96,Helen,East,Widget B,5,124.25,2025-05-08,2025-05-09 17:00:00
1134,25,Eva,South,Widget A,1,60.16,2025-05-15,2025-05-15 03:00:00
1135,75,Frank,South,Widget A,3,62.47,2025-05-14,2025-05-14 12:00:00
1136,26,Charlie,East,Widget C,2,53.41,2025-05-16,2025-05-16 19:00:00
1137,96,Frank,North,Widget D,1,38.3,2025-05-08,2025-05-09 20:00:00
1138,93,Grace,East,Widget A,4,21.81,2025-05-18,2025-05-18 08:00:00
1139,59,Frank,East,Widget D,3,34.08,2025-05-08,2025-05-09 07:00:00
1140,4,Frank,South,Widget A,4,138.22,2025-05-10,2025-05-11 18:00:00
1141,53,Bob,South,Widget A,1,59.57,2025-05-16,2025-05-16 08:00:00
1142,13,David,South,Widget D,4,68.23,2025-05-18,2025-05-19 03:00:00
1143,76,Charlie,West,Widget A,4,100.03,2025-05-09,2025-05-09 03:00:00
1144,89,Frank,South,Widget D,4,143.57,2025-05-12,2025-05-12 07:00:00
1145,88,Frank,East,Widget A,4,55.86,2025-05-04,2025-05-05 06:00:00
1146,12,David,North,Widget A,3,51.66,2025-05-05,2025-05-06 13:00:00
1147,27,Bob,South,Widget B,2,62.71,2025-05-05,2025-05-06 15:00:00
1148,1,Eva,South,Widget B,5,52.59,2025-05-06,2025-05-06 08:00:00
1149,85,Alice,South,Widget A,3,122.7,2025-05-08,2025-05-09 14:00:00
1150,42,Alice,South,Widget C,1,36.48,2025-05-14,2025-05-15 10:00:00
1151,15,Bob,West,Widget D,3,86.72,2025-05-04,2025-05-05 05:00:00
1152,65,David,North,Widget C,4,103.63,2025-05-01,2025-05-01 04:00:00
1153,62,Grace,West,Widget A,4,112.61,2025-05-15,2025-05-15 05:00:00
1154,11,Frank,South,Widget A,2,55.75,2025-05-19,2025-05-20 12:00:00
1155,92,Frank,West,Widget C,4,85.72,2025-05-14,2025-05-14 07:00:00
1156,90,Bob,South,Widget D,4,135.45,2025-05-14,2025-05-14 22:00:00
1157,59,Grace,West,Widget A,3,75.48,2025-05-09,2025-05-10 00:00:00
1158,20,Helen,North,Widget A,1,32.12,2025-05-04,2025-05-06 00:00:00
1159,95,Frank,South,Widget A,5,144.36,2025-05-18,2025-05-18 22:00:00
1160,86,Bob,West,Widget C,4,132.85,2025-05-02,2025-05-02 19:00:00
1161,77,Eva,East,Widget A,5,85.96,2025-05-05,2025-05-06 19:00:00
1162,62,David,North,Widget C,5,67.78,2025-05-09,2025-05-10 13:00:00
1163,29,Grace,North,Widget C,1,43.45,2025-05-10,2025-05-10 22:00:00
1164,45,Alice,South,Widget B,5,105.45,2025-05-03,2025-05-03 10:00:00
1165,95,Alice,North,Widget B,4,74.58,2025-05-11,2025-05-11 11:00:00
1166,48,Eva,East,Widget A,1,40.23,2025-05-20,2025-05-20 04:00:00
1167,87,Bob,East,Widget D,4,83.14,2025-05-15,2025-05-16 03:00:00
1168,35,David,North,Widget C,4,34.42,2025-05-19,2025-05-20 08:00:00
1169,68,Eva,North,Widget B,4,147.98,2025-05-02,2025-05-02 01:00:00
1170,27,Eva,South,Widget B,3,57.63,2025-05-04,2025-05-04 01:00:00
1171,64,Grace,South,Widget B,4,89.24,2025-05-08,2025-05-09 09:00:00
1172,72,Frank,North,Widget D,1,76.71,2025-05-15,2025-05-15 05:00:00
1173,41,Grace,West,Widget D,3,34.97,2025-05-01,2025-05-01 21:00:00
1174,22,Helen,East,Widget A,4,129.78,2025-05-08,2025-05-09 04:00:00
1175,76,Grace,North,Widget D,3,116.95,2025-05-08,2025-05-08 22:00:00
1176,100,Charlie,North,Widget A,5,86.29,2025-05-12,2025-05-12 23:00:00
1177,94,Charlie,South,Widget A,2,53.28,2025-05-06,2025-05-07 15:00:00
1178,20,Bob,South,Widget D,4,118.08,2025-05-19,2025-05-20 05:00:00
1179,88,Frank,East,Widget B,4,28.88,2025-05-15,2025-05-16 17:00:00
1180,39,Eva,North,Widget C,5,29.64,2025-05-15,2025-05-16 05:00:00
1181,5,Alice,East,Widget C,1,103.81,2025-05-03,2025-05-04 16:00:00
1182,77,Grace,West,Widget A,4,138.18,2025-05-19,2025-05-20 18:00:00
1183,25,Frank,West,Widget B,1,78.57,2025-05-11,2025-05-12 22:00:00
1184,11,Charlie,North,Widget B,4,148.83,2025-05-17,2025-05-18 10:00:00
1185,79,Charlie,East,Widget C,3,70.36,2025-05-11,2025-05-12 20:00:00
1186,77,Alice,East,Widget A,3,32.29,2025-05-13,2025-05-13 19:00:00
1187,33,Charlie,East,Widget A,5,106.27,2025-05-12,2025-05-12 20:00:00
1188,84,Grace,South,Widget A,3,92.66,2025-05-11,2025-05-11 09:00:00
1189,86,Bob,West,Widget C,1,67.14,2025-05-06,2025-05-06 14:00:00
1190,44,Helen,South,Widget B,2,40.14,2025-05-10,2025-05-10 07:00:00
1191,65,Alice,East,Widget B,5,68.97,2025-05-06,2025-05-06 12:00:00
1192,89,Charlie,West,Widget A,4,67.36,2025-05-08,2025-05-09 05:00:00
1193,79,Eva,West,Widget B,5,51.09,2025-05-16,2025-05-16 13:00:00
1194,48,Helen,West,Widget C,4,85.38,2025-05-14,2025-05-14 11:00:00
1195,26,Charlie,East,Widget A,4,133.64,2025-05-18,2025-05-18 07:00:00
1196,92,Bob,East,Widget A,2,55.46,2025-05-17,2025-05-17 10:00:00
1197,56,Bob,South,Widget D,3,140.96,2025-05-14,2025-05-14 04:00:00
1198,51,Frank,South,Widget D,1,68.74,2025-05-01,2025-05-01 21:00:00
1199,13,Frank,South,Widget B,1,57.29,2025-05-16,2025-05-17 21:00:00
1200,18,Helen,West,Widget A,1,22.47,2025-05-07,2025-05-07 10:00:00
1201,71,Grace,North,Widget C,2,59.15,2025-05-02,2025-05-02 16:00:00
1202,54,Helen,North,Widget A,4,97.58,2025-05-01,2025-05-02 17:00:00
1203,66,David,South,Widget C,4,20.2,2025-05-12,2025-05-12 16:00:00
1204,74,Grace,South,Widget A,5,146.71,2025-05-03,2025-05-04 10:00:00
1205,70,Alice,West,Widget D,1,102.64,2025-05-12,2025-05-12 17:00:00
1206,96,Alice,East,Widget A,3,51.35,2025-05-04,2025-05-05 14:00:00
1207,95,Frank,South,Widget A,3,90.98,2025-05-06,2025-05-07 20:00:00
1208,60,Helen,South,Widget B,1,113.09,2025-05-15,2025-05-15 03:00:00
1209,38,David,North,Widget B,1,61.03,2025-05-10,2025-05-11 09:00:00
1210,51,Helen,East,Widget A,2,57.19,2025-05-02,2025-05-03 18:00:00
1211,43,Eva,North,Widget C,4,135.63,2025-05-15,2025-05-16 01:00:00
1212,44,Charlie,West,Widget D,3,140.16,2025-05-17,2025-05-17 18:00:00
1213,11,Grace,North,Widget D,5,149.36,2025-05-06,2025-05-07 11:00:00
1214,38,Frank,North,Widget A,3,105.92,2025-05-10,2025-05-11 05:00:00
1215,78,Grace,South,Widget D,3,78.13,2025-05-12,2025-05-13 16:00:00
1216,56,Eva,North,Widget A,4,67.23,2025-05-06,2025-05-06 02:00:00
1217,19,Helen,North,Widget B,1,50.68,2025-05-12,2025-05-13 00:00:00
1218,50,Alice,South,Widget D,3,68.36,2025-05-03,2025-05-04 13:00:00
1219,18,Frank,West,Widget C,3,52.45,2025-05-04,2025-05-04 02:00:00
1220,95,Charlie,West,Widget D,5,35.31,2025-05-09,2025-05-10 22:00:00
1221,58,David,East,Widget D,2,35.94,2025-05-03,2025-05-04 05:00:00
1222,23,Helen,North,Widget C,3,112.24,2025-05-18,2025-05-19 11:00:00
1223,38,Eva,South,Widget B,3,86.14,2025-05-04,2025-05-04 13:00:00
1224,18,David,West,Widget A,3,92.02,2025-05-12,2025-05-13 06:00:00
1225,71,Charlie,North,Widget A,3,71.76,2025-05-16,2025-05-17 10:00:00
1226,53,Grace,North,Widget B,3,103.5,2025-05-15,2025-05-16 06:00:00
1227,88,Frank,South,Widget B,2,76.24,2025-05-02,2025-05-02 08:00:00
1228,67,Charlie,East,Widget B,2,61.95,2025-05-08,2025-05-08 23:00:00
1229,67,Eva,North,Widget C,2,102.56,2025-05-18,2025-05-18 18:00:00
1230,17,Eva,North,Widget B,5,142.41,2025-05-05,2025-05-05 11:00:00
1231,85,Frank,North,Widget A,1,25.91,2025-05-19,2025-05-19 17:00:00
1232,84,David,West,Widget A,4,135.57,2025-05-18,2025-05-18 19:00:00
1233,83,Eva,West,Widget B,4,58.67,2025-05-03,2025-05-04 21:00:00
1234,8,Charlie,West,Widget D,4,80.38,2025-05-11,2025-05-12 15:00:00
1235,19,Frank,East,Widget C,4,37.0,2025-05-12,2025-05-13 09:00:00
1236,72,Bob,East,Widget B,4,35.93,2025-05-15,2025-05-15 16:00:00
1237,19,Bob,North,Widget C,4,132.34,2025-05-14,2025-05-14 16:00:00
1238,21,Frank,East,Widget B,2,84.77,2025-05-17,2025-05-18 06:00:00
1239,64,Eva,West,Widget A,1,142.88,2025-05-17,2025-05-18 06:00:00
1240,31,David,East,Widget A,1,56.58,2025-05-20,2025-05-21 18:00:00
1241,87,Helen,East,Widget A,1,76.02,2025-05-09,2025-05-10 23:00:00
1242,47,Grace,East,Widget A,4,26.65,2025-05-18,2025-05-18 13:00:00
1243,47,Eva,North,Widget D,5,78.55,2025-05-18,2025-05-18 18:00:00
1244,80,Bob,South,Widget A,4,68.52,2025-05-11,2025-05-12 12:00:00
1245,47,Charlie,South,Widget D,5,25.23,2025-05-02,2025-05-02 09:00:00
1246,92,Frank,West,Widget D,2,98.81,2025-05-17,2025-05-17 09:00:00
1247,42,Frank,South,Widget D,5,116.11,2025-05-10,2025-05-11 14:00:00
1248,44,Helen,East,Widget D,1,67.89,2025-05-04,2025-05-05 03:00:00
1249,75,Eva,North,Widget D,3,145.72,2025-05-19,2025-05-20 13:00:00
1250,30,Alice,West,Widget B,5,101.77,2025-05-20,2025-05-21 01:00:00
1251,19,David,North,Widget A,2,22.46,2025-05-11,2025-05-12 03:00:00
1252,20,Grace,South,Widget D,5,120.75,2025-05-16,2025-05-18 00:00:00
1253,94,Alice,South,Widget B,5,62.26,2025-05-16,2025-05-17 10:00:00
1254,49,Frank,South,Widget D,5,64.5,2025-05-12,2025-05-13 20:00:00
1255,99,Eva,West,Widget B,2,56.27,2025-05-10,2025-05-10 15:00:00
1256,39,Eva,South,Widget D,3,82.37,2025-05-18,2025-05-19 23:00:00
1257,36,Eva,North,Widget D,4,126.39,2025-05-05,2025-05-05 19:00:00
1258,6,Eva,North,Widget C,4,105.28,2025-05-16,2025-05-16 14:00:00
1259,26,Eva,East,Widget B,1,100.04,2025-05-19,2025-05-19 16:00:00
1260,32,Alice,South,Widget B,1,33.03,2025-05-11,2025-05-12 22:00:00
1261,61,Bob,South,Widget A,5,147.13,2025-05-06,2025-05-07 03:00:00
1262,84,Helen,West,Widget B,3,61.75,2025-05-02,2025-05-02 06:00:00
1263,84,David,North,Widget B,4,134.69,2025-05-06,2025-05-06 03:00:00
1264,51,Helen,South,Widget C,1,21.2,2025-05-19,2025-05-20 15:00:00
1265,14,Frank,East,Widget D,5,88.16,2025-05-05,2025-05-06 09:00:00
1266,60,Eva,South,Widget A,3,41.12,2025-05-15,2025-05-16 18:00:00
1267,33,Charlie,North,Widget C,3,93.81,2025-05-07,2025-05-07 12:00:00
1268,79,Grace,West,Widget C,1,72.11,2025-05-04,2025-05-04 12:00:00
1269,18,Helen,East,Widget B,1,53.9,2025-05-08,2025-05-09 05:00:00
1270,97,Eva,East,Widget C,5,113.97,2025-05-01,2025-05-01 17:00:00
1271,84,Frank,South,Widget A,1,80.5,2025-05-06,2025-05-07 02:00:00
1272,88,Eva,North,Widget C,3,99.9,2025-05-08,2025-05-08 09:00:00
1273,62,Charlie,West,Widget C,4,111.25,2025-05-16,2025-05-17 11:00:00
1274,86,David,South,Widget A,5,78.08,2025-05-12,2025-05-12 05:00:00
1275,73,Bob,North,Widget B,5,89.77,2025-05-06,2025-05-06 21:00:00
1276,67,Helen,North,Widget B,5,83.55,2025-05-17,2025-05-18 05:00:00
1277,8,Helen,South,Widget D,4,93.31,2025-05-18,2025-05-19 06:00:00
1278,87,Eva,North,Widget D,3,126.14,2025-05-07,2025-05-08 14:00:00
1279,10,Alice,West,Widget C,1,90.35,2025-05-02,2025-05-02 05:00:00
1280,61,Alice,East,Widget D,2,119.97,2025-05-14,2025-05-15 00:00:00
1281,49,Helen,West,Widget D,1,108.75,2025-05-18,2025-05-18 09:00:00
1282,84,Frank,North,Widget B,5,71.1,2025-05-05,2025-05-06 23:00:00
1283,29,Alice,North,Widget C,4,107.55,2025-05-18,2025-05-19 04:00:00
1284,69,Grace,South,Widget B,4,65.0,2025-05-09,2025-05-09 13:00:00
1285,93,Bob,North,Widget D,5,119.59,2025-05-01,2025-05-01 16:00:00
1286,27,Bob,North,Widget A,4,97.71,2025-05-02,2025-05-02 16:00:00
1287,95,Alice,West,Widget D,2,90.17,2025-05-02,2025-05-02 09:00:00
1288,65,Eva,South,Widget C,5,97.73,2025-05-11,2025-05-11 16:00:00
1289,39,Charlie,South,Widget D,3,55.77,2025-05-18,2025-05-19 14:00:00
1290,95,Charlie,West,Widget D,1,146.4,2025-05-13,2025-05-14 10:00:00
1291,41,Grace,West,Widget B,3,68.94,2025-05-18,2025-05-19 07:00:00
1292,31,David,East,Widget B,4,138.92,2025-05-18,2025-05-19 03:00:00
1293,54,Charlie,West,Widget B,3,46.43,2025-05-03,2025-05-04 05:00:00
1294,48,Bob,South,Widget A,3,69.03,2025-05-20,2025-05-21 15:00:00
1295,6,Bob,South,Widget B,4,47.16,2025-05-11,2025-05-11 20:00:00
1296,2,David,South,Widget A,4,138.88,2025-05-20,2025-05-21 22:00:00
1297,27,Grace,South,Widget C,3,69.49,2025-05-18,2025-05-19 18:00:00
1298,46,Eva,East,Widget C,5,134.77,2025-05-15,2025-05-15 07:00:00
1299,93,Helen,East,Widget B,3,60.68,2025-05-02,2025-05-03 13:00:00
1300,29,Charlie,North,Widget C,5,141.52,2025-05-19,2025-05-20 23:00:00
1301,54,Eva,South,Widget B,3,49.9,2025-05-19,2025-05-19 16:00:00
1302,64,Frank,East,Widget D,4,79.91,2025-05-12,2025-05-12 11:00:00
1303,18,Helen,South,Widget A,5,24.4,2025-05-03,2025-05-04 19:00:00
1304,7,Alice,West,Widget B,2,28.84,2025-05-05,2025-05-05 01:00:00
1305,28,Helen,East,Widget A,5,102.9,2025-05-20,2025-05-21 07:00:00
1306,85,Helen,North,Widget A,5,91.71,2025-05-01,2025-05-01 02:00:00
1307,68,Eva,East,Widget A,5,125.71,2025-05-14,2025-05-14 12:00:00
1308,14,Bob,South,Widget B,2,100.57,2025-05-09,2025-05-09 23:00:00
1309,35,Grace,North,Widget C,4,79.67,2025-05-08,2025-05-09 21:00:00
1310,29,Eva,North,Widget A,1,72.69,2025-05-13,2025-05-14 12:00:00
1311,61,Alice,North,Widget B,1,84.98,2025-05-14,2025-05-15 18:00:00
1312,43,Bob,North,Widget B,2,137.17,2025-05-19,2025-05-20 07:00:00
1313,35,Alice,North,Widget C,5,93.26,2025-05-02,2025-05-02 12:00:00
1314,41,Alice,South,Widget B,4,140.75,2025-05-10,2025-05-10 11:00:00
1315,73,David,West,Widget C,4,118.23,2025-05-05,2025-05-06 21:00:00
1316,93,Bob,East,Widget A,1,76.82,2025-05-03,2025-05-03 22:00:00
1317,78,Grace,East,Widget A,3,121.86,2025-05-15,2025-05-16 08:00:00
1318,30,Frank,West,Widget D,2,108.36,2025-05-13,2025-05-13 06:00:00
1319,99,Eva,South,Widget A,1,54.84,2025-05-13,2025-05-14 22:00:00
1320,82,Charlie,West,Widget C,3,33.85,2025-05-01,2025-05-01 20:00:00
1321,57,Frank,East,Widget A,2,31.35,2025-05-14,2025-05-15 05:00:00
1322,72,Grace,North,Widget A,1,66.01,2025-05-03,2025-05-04 15:00:00
1323,77,Frank,West,Widget A,3,73.8,2025-05-03,2025-05-04 23:00:00
1324,72,David,South,Widget D,2,38.05,2025-05-10,2025-05-10 18:00:00
1325,64,Charlie,North,Widget B,4,55.88,2025-05-10,2025-05-11 07:00:00
1326,10,Frank,East,Widget B,4,97.19,2025-05-07,2025-05-08 06:00:00
1327,14,Charlie,East,Widget A,4,63.19,2025-05-20,2025-05-21 01:00:00
1328,43,Helen,East,Widget D,5,37.7,2025-05-11,2025-05-12 15:00:00
1329,89,David,West,Widget C,2,145.39,2025-05-11,2025-05-11 19:00:00
1330,95,Helen,South,Widget C,4,56.44,2025-05-13,2025-05-14 00:00:00
1331,15,David,South,Widget A,4,142.59,2025-05-07,2025-05-08 05:00:00
1332,38,Bob,West,Widget D,2,102.33,2025-05-08,2025-05-08 17:00:00
1333,85,Charlie,West,Widget D,1,78.38,2025-05-20,2025-05-21 07:00:00
1334,75,Grace,West,Widget A,3,111.21,2025-05-18,2025-05-19 15:00:00
1335,82,Bob,North,Widget B,3,41.62,2025-05-20,2025-05-20 03:00:00
1336,73,Grace,East,Widget D,1,21.37,2025-05-09,2025-05-09 15:00:00
1337,66,David,West,Widget C,4,80.2,2025-05-19,2025-05-20 21:00:00
1338,65,Charlie,East,Widget A,4,33.59,2025-05-14,2025-05-14 06:00:00
1339,15,Charlie,East,Widget C,3,79.19,2025-05-07,2025-05-08 10:00:00
1340,62,Frank,West,Widget A,4,113.86,2025-05-15,2025-05-15 21:00:00
1341,9,Eva,North,Widget A,1,130.39,2025-05-04,2025-05-05 20:00:00
1342,22,David,South,Widget B,3,92.78,2025-05-15,2025-05-15 15:00:00
1343,52,Charlie,South,Widget D,4,23.79,2025-05-20,2025-05-20 13:00:00
1344,58,Grace,West,Widget A,2,46.75,2025-05-03,2025-05-04 13:00:00
1345,14,Charlie,East,Widget C,2,79.48,2025-05-09,2025-05-10 19:00:00
1346,63,Frank,West,Widget D,5,34.85,2025-05-12,2025-05-13 06:00:00
1347,80,Charlie,East,Widget A,2,60.71,2025-05-08,2025-05-08 20:00:00
1348,15,Charlie,East,Widget B,5,70.5,2025-05-20,2025-05-20 09:00:00
1349,74,Grace,West,Widget B,4,102.62,2025-05-06,2025-05-07 12:00:00
1350,22,Helen,East,Widget B,2,60.9,2025-05-15,2025-05-16 16:00:00
1351,7,Frank,North,Widget D,2,45.37,2025-05-13,2025-05-14 12:00:00
1352,65,Helen,West,Widget D,4,112.32,2025-05-15,2025-05-16 08:00:00
1353,22,Bob,North,Widget B,3,24.25,2025-05-08,2025-05-09 11:00:00
1354,37,Charlie,West,Widget D,5,86.4,2025-05-19,2025-05-19 08:00:00
1355,35,Frank,North,Widget D,5,48.41,2025-05-14,2025-05-14 07:00:00
1356,95,David,East,Widget A,4,54.17,2025-05-03,2025-05-04 05:00:00
1357,16,David,South,Widget C,5,102.26,2025-05-06,2025-05-07 16:00:00
1358,18,David,South,Widget A,5,65.61,2025-05-09,2025-05-10 15:00:00
1359,69,Charlie,East,Widget C,3,94.46,2025-05-17,2025-05-18 20:00:00
1360,13,Charlie,West,Widget A,3,132.72,2025-05-05,2025-05-06 21:00:00
1361,17,David,South,Widget C,2,118.99,2025-05-13,2025-05-14 08:00:00
1362,19,Eva,West,Widget D,4,29.82,2025-05-03,2025-05-04 02:00:00
1363,66,Eva,East,Widget D,4,62.55,2025-05-01,2025-05-02 23:00:00
1364,12,Helen,East,Widget A,5,71.7,2025-05-14,2025-05-14 14:00:00
1365,64,Eva,East,Widget C,3,91.15,2025-05-05,2025-05-06 13:00:00
1366,63,Frank,North,Widget A,1,101.4,2025-05-15,2025-05-15 02:00:00
1367,16,Charlie,West,Widget D,1,148.94,2025-05-14,2025-05-14 13:00:00
1368,89,Charlie,East,Widget B,3,32.13,2025-05-12,2025-05-12 17:00:00
1369,11,Frank,South,Widget A,4,101.33,2025-05-08,2025-05-09 04:00:00
1370,84,Bob,North,Widget A,2,81.98,2025-05-05,2025-05-06 14:00:00
1371,29,Helen,North,Widget A,3,126.22,2025-05-14,2025-05-15 21:00:00
1372,17,Helen,North,Widget B,4,31.61,2025-05-04,2025-05-04 07:00:00
1373,41,Frank,East,Widget B,4,120.55,2025-05-05,2025-05-06 18:00:00
1374,87,Charlie,North,Widget A,5,104.5,2025-05-15,2025-05-15 23:00:00
1375,93,David,South,Widget D,5,109.25,2025-05-07,2025-05-07 06:00:00
1376,13,Charlie,North,Widget D,3,145.22,2025-05-11,2025-05-11 09:00:00
1377,32,Eva,North,Widget B,5,98.13,2025-05-20,2025-05-20 19:00:00
1378,100,Alice,East,Widget B,5,98.9,2025-05-07,2025-05-09 00:00:00
1379,51,Eva,North,Widget B,4,70.17,2025-05-08,2025-05-09 08:00:00
1380,82,Bob,North,Widget C,3,37.16,2025-05-19,2025-05-20 03:00:00
1381,47,Charlie,West,Widget A,1,96.36,2025-05-01,2025-05-01 17:00:00
1382,28,Alice,North,Widget D,5,57.24,2025-05-17,2025-05-18 03:00:00
1383,55,Grace,North,Widget B,3,30.87,2025-05-03,2025-05-04 09:00:00
1384,27,Charlie,East,Widget D,5,102.46,2025-05-03,2025-05-03 20:00:00
1385,90,Grace,South,Widget A,2,31.21,2025-05-14,2025-05-14 08:00:00
1386,59,Alice,East,Widget B,1,21.65,2025-05-05,2025-05-06 21:00:00
1387,2,Charlie,West,Widget C,5,87.24,2025-05-09,2025-05-09 11:00:00
1388,48,Charlie,East,Widget A,1,63.55,2025-05-14,2025-05-14 18:00:00
1389,68,Bob,East,Widget A,4,79.18,2025-05-12,2025-05-12 04:00:00
1390,64,Charlie,East,Widget B,3,120.53,2025-05-19,2025-05-20 20:00:00
1391,93,Bob,South,Widget A,1,131.63,2025-05-01,2025-05-01 16:00:00
1392,6,Helen,East,Widget D,2,43.26,2025-05-02,2025-05-03 12:00:00
1393,92,Grace,South,Widget C,2,74.11,2025-05-11,2025-05-11 18:00:00
1394,10,Frank,North,Widget A,2,49.01,2025-05-17,2025-05-17 03:00:00
1395,52,Bob,West,Widget C,3,62.55,2025-05-18,2025-05-19 06:00:00
1396,2,Frank,South,Widget C,5,121.99,2025-05-20,2025-05-20 16:00:00
1397,60,Frank,West,Widget B,5,118.86,2025-05-08,2025-05-08 10:00:00
1398,1,Grace,North,Widget B,5,65.04,2025-05-01,2025-05-01 22:00:00
1399,1,Grace,East,Widget A,2,88.88,2025-05-08,2025-05-09 03:00:00
1400,63,Alice,South,Widget C,1,25.71,2025-05-08,2025-05-09 10:00:00
1401,53,Frank,West,Widget A,5,32.43,2025-05-05,2025-05-06 17:00:00
1402,51,Bob,North,Widget D,2,50.78,2025-05-09,2025-05-09 21:00:00
1403,51,Frank,East,Widget D,3,50.37,2025-05-07,2025-05-07 09:00:00
1404,100,Bob,South,Widget A,2,78.44,2025-05-11,2025-05-12 03:00:00
1405,16,Frank,South,Widget D,3,80.24,2025-05-04,2025-05-04 06:00:00
1406,21,Eva,North,Widget B,3,39.28,2025-05-08,2025-05-08 23:00:00
1407,51,Alice,East,Widget C,2,24.04,2025-05-13,2025-05-14 05:00:00
1408,72,David,North,Widget D,1,124.51,2025-05-05,2025-05-05 08:00:00
1409,2,Alice,South,Widget B,2,127.08,2025-05-12,2025-05-13 20:00:00
1410,81,Bob,East,Widget A,1,149.63,2025-05-07,2025-05-08 18:00:00
1411,57,Charlie,North,Widget C,1,25.55,2025-05-15,2025-05-15 04:00:00
1412,22,Grace,West,Widget D,1,69.75,2025-05-14,2025-05-14 12:00:00
1413,46,David,South,Widget C,3,77.98,2025-05-05,2025-05-05 03:00:00
1414,79,David,East,Widget D,4,134.76,2025-05-16,2025-05-16 04:00:00
1415,12,Eva,West,Widget B,4,45.93,2025-05-17,2025-05-17 16:00:00
1416,81,Alice,West,Widget C,4,90.79,2025-05-16,2025-05-16 23:00:00
1417,73,Frank,West,Widget C,2,23.39,2025-05-20,2025-05-20 15:00:00
1418,4,Eva,North,Widget D,5,66.47,2025-05-19,2025-05-19 15:00:00
1419,21,Bob,South,Widget B,3,89.38,2025-05-02,2025-05-02 15:00:00
1420,74,Grace,East,Widget B,2,50.75,2025-05-11,2025-05-13 00:00:00
1421,90,Frank,North,Widget C,5,93.27,2025-05-19,2025-05-19 13:00:00
1422,64,Eva,South,Widget D,1,31.73,2025-05-08,2025-05-09 15:00:00
1423,29,Alice,West,Widget A,3,139.33,2025-05-07,2025-05-07 09:00:00
1424,44,Charlie,East,Widget A,1,39.2,2025-05-05,2025-05-05 08:00:00
1425,68,Frank,North,Widget C,4,96.18,2025-05-11,2025-05-11 20:00:00
1426,42,Charlie,South,Widget D,4,104.39,2025-05-06,2025-05-07 22:00:00
1427,72,Frank,South,Widget B,4,59.89,2025-05-10,2025-05-10 09:00:00
1428,23,Alice,West,Widget A,2,98.31,2025-05-20,2025-05-20 15:00:00
1429,82,Bob,West,Widget B,3,116.89,2025-05-08,2025-05-08 23:00:00
1430,41,Charlie,North,Widget C,4,21.48,2025-05-07,2025-05-07 16:00:00
1431,89,Bob,East,Widget C,1,113.65,2025-05-02,2025-05-03 01:00:00
1432,57,Grace,South,Widget D,4,134.63,2025-05-12,2025-05-13 11:00:00
1433,49,Bob,West,Widget B,2,78.67,2025-05-02,2025-05-02 19:00:00
1434,3,Frank,East,Widget A,1,64.44,2025-05-13,2025-05-13 11:00:00
1435,94,Bob,North,Widget C,5,148.09,2025-05-16,2025-05-17 22:00:00
1436,4,Grace,South,Widget D,2,26.96,2025-05-11,2025-05-11 14:00:00
1437,25,Grace,East,Widget C,3,50.88,2025-05-02,2025-05-03 02:00:00
1438,74,Helen,South,Widget A,3,20.5,2025-05-03,2025-05-03 19:00:00
1439,85,Helen,South,Widget A,1,46.9,2025-05-10,2025-05-10 06:00:00
1440,61,Bob,East,Widget D,4,83.58,2025-05-09,2025-05-09 06:00:00
1441,83,Grace,South,Widget C,4,68.02,2025-05-15,2025-05-15 03:00:00
1442,34,Helen,West,Widget C,2,128.82,2025-05-19,2025-05-19 04:00:00
1443,20,Bob,North,Widget C,5,73.82,2025-05-19,2025-05-19 15:00:00
1444,71,Alice,West,Widget D,5,109.32,2025-05-16,2025-05-17 13:00:00
1445,31,Helen,East,Widget A,4,137.36,2025-05-02,2025-05-03 09:00:00
1446,74,Charlie,North,Widget D,2,143.38,2025-05-06,2025-05-06 14:00:00
1447,25,Charlie,North,Widget D,1,148.48,2025-05-14,2025-05-14 13:00:00
1448,81,Charlie,East,Widget C,1,31.31,2025-05-18,2025-05-19 02:00:00
1449,71,Frank,East,Widget D,1,122.25,2025-05-20,2025-05-21 14:00:00
1450,67,Grace,North,Widget D,2,39.27,2025-05-19,2025-05-20 14:00:00
1451,98,Bob,North,Widget A,3,132.77,2025-05-12,2025-05-13 03:00:00
1452,34,Grace,West,Widget D,1,42.39,2025-05-13,2025-05-13 10:00:00
1453,80,Grace,North,Widget D,3,109.77,2025-05-02,2025-05-04 00:00:00
1454,61,Eva,East,Widget A,3,126.26,2025-05-10,2025-05-10 20:00:00
1455,36,Helen,North,Widget B,2,59.06,2025-05-15,2025-05-15 21:00:00
1456,35,Grace,North,Widget B,4,47.48,2025-05-14,2025-05-16 00:00:00
1457,63,Frank,North,Widget B,1,60.45,2025-05-17,2025-05-18 02:00:00
1458,18,Alice,South,Widget B,2,128.81,2025-05-08,2025-05-08 03:00:00
1459,59,Alice,East,Widget B,3,67.89,2025-05-15,2025-05-16 09:00:00
1460,51,Bob,North,Widget B,3,83.54,2025-05-15,2025-05-15 12:00:00
1461,61,Frank,East,Widget B,3,117.36,2025-05-03,2025-05-03 19:00:00
1462,4,Grace,North,Widget B,5,121.38,2025-05-07,2025-05-07 15:00:00
1463,83,David,South,Widget C,4,86.73,2025-05-01,2025-05-02 07:00:00
1464,17,Charlie,North,Widget B,3,99.08,2025-05-10,2025-05-11 22:00:00
1465,91,Eva,West,Widget D,3,79.67,2025-05-07,2025-05-08 06:00:00
1466,39,Grace,North,Widget A,5,149.93,2025-05-12,2025-05-13 12:00:00
1467,83,Eva,East,Widget A,4,28.3,2025-05-09,2025-05-10 17:00:00
1468,42,Eva,East,Widget C,2,39.49,2025-05-08,2025-05-08 04:00:00
1469,77,Grace,East,Widget B,1,105.2,2025-05-10,2025-05-10 17:00:00
1470,54,Grace,West,Widget A,5,112.05,2025-05-19,2025-05-19 13:00:00
1471,44,David,West,Widget C,5,59.03,2025-05-06,2025-05-07 19:00:00
1472,72,Charlie,East,Widget A,4,36.63,2025-05-09,2025-05-10 23:00:00
1473,72,Charlie,East,Widget A,2,66.19,2025-05-10,2025-05-11 03:00:00
1474,43,Frank,East,Widget C,4,130.66,2025-05-16,2025-05-16 04:00:00
1475,82,Bob,West,Widget B,5,35.58,2025-05-13,2025-05-14 10:00:00
1476,39,Grace,North,Widget B,2,149.01,2025-05-11,2025-05-12 03:00:00
1477,73,Helen,South,Widget C,2,121.26,2025-05-16,2025-05-16 22:00:00
1478,81,Charlie,East,Widget A,1,78.77,2025-05-07,2025-05-07 11:00:00
1479,74,Charlie,West,Widget A,2,99.88,2025-05-14,2025-05-15 02:00:00
1480,55,Helen,West,Widget A,1,89.39,2025-05-12,2025-05-12 01:00:00
1481,42,David,North,Widget A,2,49.41,2025-05-12,2025-05-12 20:00:00
1482,17,Bob,West,Widget C,2,28.49,2025-05-02,2025-05-02 20:00:00
1483,38,Helen,East,Widget D,2,64.56,2025-05-16,2025-05-16 23:00:00
1484,97,David,South,Widget D,1,49.69,2025-05-05,2025-05-05 14:00:00
1485,94,Alice,South,Widget A,3,112.44,2025-05-02,2025-05-03 01:00:00
1486,82,Eva,North,Widget A,1,104.96,2025-05-01,2025-05-01 04:00:00
1487,89,Bob,West,Widget D,4,36.07,2025-05-09,2025-05-10 07:00:00
1488,90,Charlie,South,Widget A,3,74.71,2025-05-04,2025-05-05 19:00:00
1489,67,Eva,South,Widget D,1,86.51,2025-05-20,2025-05-20 08:00:00
1490,37,Bob,North,Widget D,2,99.17,2025-05-09,2025-05-10 10:00:00
1491,26,Frank,West,Widget C,2,25.12,2025-05-16,2025-05-16 14:00:00
1492,89,Helen,East,Widget B,1,21.66,2025-05-03,2025-05-03 08:00:00
1493,74,Helen,South,Widget A,5,29.76,2025-05-04,2025-05-04 17:00:00
1494,83,David,West,Widget C,3,80.36,2025-05-04,2025-05-04 12:00:00
1495,6,Eva,East,Widget C,4,116.01,2025-05-04,2025-05-04 03:00:00
1496,2,Charlie,South,Widget C,3,136.29,2025-05-20,2025-05-20 18:00:00
1497,94,Bob,East,Widget C,2,34.8,2025-05-13,2025-05-14 06:00:00
1498,35,Grace,West,Widget D,2,34.7,2025-05-02,2025-05-02 11:00:00
1499,14,Grace,West,Widget D,2,99.47,2025-05-12,2025-05-13 16:00:00
1500,4,Charlie,West,Widget D,1,135.39,2025-05-15,2025-05-15 03:00:00
1501,9,Eva,East,Widget A,5,119.78,2025-05-19,2025-05-20 23:00:00
1502,73,David,East,Widget A,4,106.02,2025-05-08,2025-05-09 07:00:00
1503,45,Grace,South,Widget A,1,103.64,2025-05-06,2025-05-07 09:00:00
1504,61,Helen,South,Widget A,4,61.68,2025-05-11,2025-05-11 18:00:00
1505,7,David,West,Widget D,2,30.25,2025-05-15,2025-05-16 13:00:00
1506,58,Bob,West,Widget D,3,35.43,2025-05-16,2025-05-18 00:00:00
1507,84,Alice,North,Widget D,4,24.66,2025-05-18,2025-05-18 01:00:00
1508,12,Eva,South,Widget D,3,67.23,2025-05-02,2025-05-02 15:00:00
1509,59,Frank,West,Widget C,4,34.82,2025-05-08,2025-05-08 01:00:00
1510,44,Frank,East,Widget C,1,25.95,2025-05-06,2025-05-07 08:00:00
1511,18,Grace,North,Widget C,5,45.47,2025-05-04,2025-05-05 02:00:00
1512,28,Helen,South,Widget C,1,118.43,2025-05-02,2025-05-03 17:00:00
1513,87,Bob,West,Widget D,5,144.3,2025-05-05,2025-05-06 08:00:00
1514,1,Alice,West,Widget D,5,121.54,2025-05-06,2025-05-07 21:00:00
1515,75,Charlie,South,Widget A,4,105.48,2025-05-20,2025-05-20 21:00:00
1516,65,Grace,West,Widget B,3,71.72,2025-05-11,2025-05-11 19:00:00
1517,58,Charlie,South,Widget D,5,111.0,2025-05-17,2025-05-17 20:00:00
1518,90,Frank,South,Widget B,2,101.14,2025-05-10,2025-05-11 20:00:00
1519,45,Charlie,South,Widget C,1,118.9,2025-05-18,2025-05-19 07:00:00
1520,75,Grace,East,Widget D,1,87.95,2025-05-01,2025-05-02 01:00:00
1521,19,Alice,North,Widget B,3,117.52,2025-05-06,2025-05-06 19:00:00
1522,88,Eva,South,Widget A,3,46.52,2025-05-18,2025-05-18 03:00:00
1523,46,Helen,North,Widget B,5,70.56,2025-05-17,2025-05-18 21:00:00
1524,37,Alice,West,Widget D,4,144.37,2025-05-11,2025-05-12 12:00:00
1525,7,Alice,East,Widget B,5,132.95,2025-05-15,2025-05-15 15:00:00
1526,82,Frank,South,Widget B,3,78.35,2025-05-03,2025-05-03 12:00:00
1527,23,Bob,West,Widget A,4,56.28,2025-05-09,2025-05-09 09:00:00
1528,21,Eva,North,Widget C,4,112.26,2025-05-05,2025-05-05 03:00:00
1529,20,Frank,North,Widget C,4,122.69,2025-05-18,2025-05-18 23:00:00
1530,10,Frank,South,Widget B,5,28.86,2025-05-17,2025-05-17 11:00:00
1531,54,Grace,North,Widget C,2,134.84,2025-05-11,2025-05-11 22:00:00
1532,47,Eva,South,Widget D,5,127.08,2025-05-01,2025-05-01 08:00:00
1533,86,Frank,West,Widget B,5,139.42,2025-05-08,2025-05-08 03:00:00
1534,88,Frank,West,Widget A,4,53.36,2025-05-10,2025-05-10 02:00:00
1535,67,Frank,West,Widget D,1,58.54,2025-05-07,2025-05-07 21:00:00
1536,66,Bob,North,Widget B,5,89.32,2025-05-03,2025-05-03 14:00:00
1537,86,David,West,Widget A,2,89.91,2025-05-14,2025-05-15 18:00:00
1538,10,Charlie,North,Widget D,3,24.93,2025-05-03,2025-05-03 04:00:00
1539,23,Eva,North,Widget B,3,72.99,2025-05-15,2025-05-16 17:00:00
1540,52,Grace,East,Widget A,4,107.53,2025-05-18,2025-05-18 01:00:00
1541,83,Bob,North,Widget A,3,140.65,2025-05-04,2025-05-04 19:00:00
1542,88,Eva,North,Widget C,4,69.58,2025-05-01,2025-05-02 07:00:00
1543,21,David,South,Widget D,5,58.35,2025-05-05,2025-05-05 20:00:00
1544,87,Frank,North,Widget B,1,25.43,2025-05-19,2025-05-20 15:00:00
1545,51,Bob,East,Widget B,3,47.53,2025-05-17,2025-05-17 10:00:00
1546,21,Charlie,South,Widget C,2,34.9,2025-05-19,2025-05-19 04:00:00
1547,97,Helen,North,Widget C,1,52.59,2025-05-07,2025-05-08 23:00:00
1548,75,Helen,East,Widget C,2,107.27,2025-05-08,2025-05-08 07:00:00
1549,37,Bob,South,Widget C,4,78.58,2025-05-20,2025-05-21 19:00:00
1550,40,Charlie,East,Widget C,4,41.92,2025-05-11,2025-05-11 16:00:00
1551,29,Grace,East,Widget C,2,108.35,2025-05-11,2025-05-12 07:00:00
1552,60,Helen,East,Widget C,4,91.72,2025-05-06,2025-05-07 18:00:00
1553,78,Bob,East,Widget B,5,45.54,2025-05-03,2025-05-04 23:00:00
1554,10,Alice,North,Widget D,5,47.66,2025-05-02,2025-05-03 12:00:00
1555,34,Helen,South,Widget C,4,49.03,2025-05-19,2025-05-20 23:00:00
1556,38,Charlie,West,Widget A,4,67.3,2025-05-01,2025-05-02 19:00:00
1557,31,Charlie,South,Widget D,2,43.29,2025-05-19,2025-05-20 19:00:00
1558,19,Helen,East,Widget A,2,118.99,2025-05-08,2025-05-08 05:00:00
1559,34,Frank,South,Widget A,2,87.33,2025-05-12,2025-05-13 01:00:00
1560,61,Helen,North,Widget A,3,33.42,2025-05-17,2025-05-18 17:00:00
1561,36,Eva,South,Widget D,4,67.49,2025-05-03,2025-05-04 10:00:00
1562,33,Grace,South,Widget D,3,126.24,2025-05-12,2025-05-13 08:00:00
1563,62,Alice,South,Widget D,2,49.9,2025-05-17,2025-05-18 18:00:00
1564,36,David,South,Widget B,2,67.09,2025-05-04,2025-05-05 19:00:00
1565,30,Grace,East,Widget A,4,107.78,2025-05-16,2025-05-16 14:00:00
1566,76,Charlie,West,Widget A,2,25.61,2025-05-19,2025-05-20 14:00:00
1567,21,Charlie,North,Widget B,1,41.62,2025-05-06,2025-05-07 10:00:00
1568,52,Alice,East,Widget A,2,78.4,2025-05-16,2025-05-17 07:00:00
1569,22,David,West,Widget B,5,126.66,2025-05-06,2025-05-07 16:00:00
1570,85,Eva,South,Widget C,4,97.55,2025-05-03,2025-05-03 15:00:00
1571,49,Grace,South,Widget A,1,46.31,2025-05-17,2025-05-18 20:00:00
1572,54,Charlie,North,Widget B,4,137.21,2025-05-20,2025-05-20 03:00:00
1573,69,Bob,North,Widget D,2,137.26,2025-05-18,2025-05-18 01:00:00
1574,100,Grace,West,Widget C,1,110.69,2025-05-14,2025-05-14 15:00:00
1575,62,Grace,East,Widget A,4,37.4,2025-05-16,2025-05-16 15:00:00
1576,11,Eva,West,Widget C,2,20.71,2025-05-01,2025-05-02 13:00:00
1577,67,Bob,North,Widget D,2,109.41,2025-05-11,2025-05-12 03:00:00
1578,47,Bob,South,Widget D,5,52.97,2025-05-18,2025-05-19 04:00:00
1579,73,Frank,East,Widget D,2,73.72,2025-05-18,2025-05-19 07:00:00
1580,23,Frank,West,Widget C,3,95.09,2025-05-13,2025-05-15 00:00:00
1581,18,Bob,South,Widget D,2,33.04,2025-05-17,2025-05-18 02:00:00
1582,44,Alice,South,Widget D,1,124.57,2025-05-05,2025-05-06 07:00:00
1583,77,Grace,North,Widget A,3,48.83,2025-05-03,2025-05-04 15:00:00
1584,5,Grace,West,Widget C,5,27.47,2025-05-06,2025-05-07 17:00:00
1585,64,Helen,North,Widget B,5,57.18,2025-05-02,2025-05-03 15:00:00
1586,66,David,South,Widget A,3,51.1,2025-05-01,2025-05-01 11:00:00
1587,12,Eva,West,Widget C,4,72.71,2025-05-07,2025-05-08 10:00:00
1588,2,Bob,North,Widget C,5,138.95,2025-05-12,2025-05-12 23:00:00
1589,36,David,South,Widget D,4,94.74,2025-05-09,2025-05-09 12:00:00
1590,53,Bob,North,Widget C,3,143.11,2025-05-17,2025-05-17 17:00:00
1591,69,Eva,West,Widget D,5,82.87,2025-05-08,2025-05-08 22:00:00
1592,100,Helen,West,Widget A,4,35.11,2025-05-03,2025-05-04 01:00:00
1593,82,David,South,Widget C,4,144.21,2025-05-17,2025-05-18 11:00:00
1594,2,Eva,South,Widget C,1,71.86,2025-05-11,2025-05-11 05:00:00
1595,71,Charlie,West,Widget C,3,48.41,2025-05-19,2025-05-19 18:00:00
1596,24,David,West,Widget B,2,115.61,2025-05-09,2025-05-09 14:00:00
1597,30,David,South,Widget C,2,121.26,2025-05-04,2025-05-04 06:00:00
1598,87,Helen,North,Widget A,4,68.26,2025-05-11,2025-05-12 08:00:00
1599,74,Eva,West,Widget B,5,56.43,2025-05-08,2025-05-09 13:00:00
1600,17,Alice,West,Widget D,5,24.23,2025-05-12,2025-05-13 02:00:00
1601,88,Charlie,West,Widget A,5,79.81,2025-05-01,2025-05-01 01:00:00
1602,87,David,West,Widget A,3,67.01,2025-05-09,2025-05-09 12:00:00
1603,71,Eva,South,Widget C,4,144.61,2025-05-11,2025-05-12 00:00:00
1604,24,Helen,West,Widget B,4,111.09,2025-05-12,2025-05-13 00:00:00
1605,52,Eva,West,Widget B,5,37.05,2025-05-19,2025-05-20 20:00:00
1606,30,Bob,East,Widget B,5,76.19,2025-05-13,2025-05-13 13:00:00
1607,19,Charlie,West,Widget A,2,74.8,2025-05-05,2025-05-06 17:00:00
1608,67,Frank,West,Widget C,3,93.08,2025-05-19,2025-05-19 04:00:00
1609,51,Bob,South,Widget A,2,125.8,2025-05-16,2025-05-17 17:00:00
1610,13,Helen,East,Widget C,3,66.84,2025-05-18,2025-05-18 17:00:00
1611,45,Alice,West,Widget A,3,132.76,2025-05-20,2025-05-20 13:00:00
1612,74,Charlie,East,Widget C,3,107.52,2025-05-16,2025-05-18 00:00:00
1613,58,Bob,West,Widget C,4,102.12,2025-05-05,2025-05-05 11:00:00
1614,82,Frank,West,Widget D,1,30.28,2025-05-11,2025-05-11 15:00:00
1615,41,Frank,East,Widget C,5,103.8,2025-05-09,2025-05-10 05:00:00
1616,100,Frank,West,Widget D,2,43.91,2025-05-01,2025-05-01 09:00:00
1617,94,David,East,Widget A,2,41.7,2025-05-04,2025-05-04 07:00:00
1618,9,Helen,North,Widget A,4,88.12,2025-05-03,2025-05-03 07:00:00
1619,34,Charlie,North,Widget D,3,49.82,2025-05-10,2025-05-11 05:00:00
1620,81,Charlie,South,Widget B,1,24.57,2025-05-12,2025-05-12 21:00:00
1621,61,Helen,East,Widget D,2,146.04,2025-05-18,2025-05-18 12:00:00
1622,76,Helen,West,Widget C,3,82.61,2025-05-08,2025-05-08 06:00:00
1623,57,Eva,East,Widget D,3,40.24,2025-05-01,2025-05-01 01:00:00
1624,67,Charlie,East,Widget C,4,89.56,2025-05-16,2025-05-17 07:00:00
1625,39,Alice,West,Widget C,5,50.06,2025-05-01,2025-05-02 12:00:00
1626,48,David,West,Widget D,4,52.49,2025-05-13,2025-05-14 01:00:00
1627,29,Eva,North,Widget D,2,87.16,2025-05-20,2025-05-21 21:00:00
1628,88,Eva,East,Widget C,4,44.44,2025-05-03,2025-05-03 12:00:00
1629,18,Eva,North,Widget D,5,78.86,2025-05-20,2025-05-21 08:00:00
1630,25,Frank,North,Widget B,1,146.06,2025-05-01,2025-05-01 12:00:00
1631,14,Eva,East,Widget B,4,114.52,2025-05-08,2025-05-08 06:00:00
1632,20,Alice,West,Widget B,3,74.63,2025-05-16,2025-05-17 00:00:00
1633,60,Alice,East,Widget A,2,27.28,2025-05-13,2025-05-13 05:00:00
1634,70,Helen,South,Widget B,3,126.24,2025-05-01,2025-05-01 08:00:00
1635,99,David,West,Widget D,2,115.89,2025-05-02,2025-05-02 13:00:00
1636,59,Bob,South,Widget D,4,108.59,2025-05-10,2025-05-10 21:00:00
1637,21,Alice,North,Widget C,4,103.01,2025-05-07,2025-05-08 00:00:00
1638,7,David,North,Widget B,4,62.19,2025-05-06,2025-05-06 18:00:00
1639,75,Bob,West,Widget B,1,145.95,2025-05-19,2025-05-20 21:00:00
1640,61,Charlie,East,Widget A,2,40.5,2025-05-03,2025-05-04 20:00:00
1641,80,Frank,North,Widget A,3,103.79,2025-05-18,2025-05-18 07:00:00
1642,17,Helen,South,Widget C,5,122.51,2025-05-12,2025-05-13 05:00:00
1643,94,David,North,Widget D,3,114.17,2025-05-09,2025-05-09 03:00:00
1644,63,Helen,East,Widget D,2,93.67,2025-05-18,2025-05-18 23:00:00
1645,42,Helen,East,Widget B,1,89.05,2025-05-15,2025-05-15 19:00:00
1646,34,Frank,West,Widget A,5,69.28,2025-05-06,2025-05-06 02:00:00
1647,80,Frank,South,Widget C,1,105.58,2025-05-18,2025-05-19 01:00:00
1648,25,Helen,South,Widget C,3,73.27,2025-05-11,2025-05-11 08:00:00
1649,13,Bob,North,Widget B,2,133.55,2025-05-07,2025-05-07 07:00:00
1650,63,David,North,Widget A,5,103.43,2025-05-13,2025-05-14 19:00:00
1651,63,Eva,North,Widget C,2,98.77,2025-05-03,2025-05-03 01:00:00
1652,27,Helen,North,Widget D,1,66.92,2025-05-14,2025-05-15 00:00:00
1653,91,Alice,East,Widget A,1,128.48,2025-05-03,2025-05-03 14:00:00
1654,67,Bob,North,Widget B,5,70.09,2025-05-07,2025-05-08 10:00:00
1655,85,David,South,Widget D,1,119.62,2025-05-19,2025-05-19 23:00:00
1656,87,Helen,West,Widget A,2,123.02,2025-05-18,2025-05-19 02:00:00
1657,65,Frank,South,Widget D,3,137.32,2025-05-18,2025-05-18 21:00:00
1658,48,Grace,West,Widget C,5,51.29,2025-05-18,2025-05-18 14:00:00
1659,49,Eva,East,Widget D,4,144.78,2025-05-01,2025-05-02 23:00:00
1660,5,Eva,North,Widget B,3,20.85,2025-05-08,2025-05-08 14:00:00
1661,41,Alice,East,Widget B,1,24.91,2025-05-12,2025-05-12 10:00:00
1662,18,Eva,East,Widget B,2,53.31,2025-05-10,2025-05-10 06:00:00
1663,74,Grace,South,Widget A,3,123.08,2025-05-06,2025-05-07 08:00:00
1664,89,Bob,East,Widget A,5,69.6,2025-05-02,2025-05-02 22:00:00
1665,45,Grace,West,Widget A,2,117.2,2025-05-20,2025-05-20 01:00:00
1666,82,Grace,North,Widget C,5,25.35,2025-05-18,2025-05-19 13:00:00
1667,20,Frank,South,Widget B,1,107.57,2025-05-13,2025-05-14 05:00:00
1668,97,Bob,South,Widget D,3,122.23,2025-05-05,2025-05-05 09:00:00
1669,44,Bob,West,Widget A,5,71.89,2025-05-03,2025-05-04 02:00:00
1670,65,Grace,South,Widget B,4,92.71,2025-05-16,2025-05-17 02:00:00
1671,84,David,South,Widget B,1,54.61,2025-05-14,2025-05-14 21:00:00
1672,88,Bob,North,Widget D,4,67.48,2025-05-07,2025-05-07 21:00:00
1673,45,Alice,East,Widget B,3,100.11,2025-05-15,2025-05-16 16:00:00
1674,19,Helen,North,Widget B,2,109.1,2025-05-05,2025-05-06 23:00:00
1675,11,Bob,North,Widget B,5,140.47,2025-05-10,2025-05-10 01:00:00
1676,44,Bob,East,Widget D,4,22.96,2025-05-07,2025-05-09 00:00:00
1677,69,David,South,Widget C,5,82.79,2025-05-05,2025-05-06 21:00:00
1678,90,Alice,West,Widget A,3,42.14,2025-05-10,2025-05-10 13:00:00
1679,90,Eva,North,Widget D,1,28.66,2025-05-09,2025-05-10 19:00:00
1680,85,Frank,North,Widget A,3,132.76,2025-05-13,2025-05-13 15:00:00
1681,49,Bob,East,Widget D,5,89.1,2025-05-06,2025-05-06 13:00:00
1682,65,Helen,North,Widget A,2,139.9,2025-05-10,2025-05-10 22:00:00
1683,63,Grace,South,Widget A,3,108.96,2025-05-12,2025-05-13 17:00:00
1684,39,David,East,Widget A,3,134.23,2025-05-01,2025-05-02 12:00:00
1685,36,David,South,Widget C,4,105.4,2025-05-03,2025-05-04 23:00:00
1686,49,David,West,Widget B,5,39.86,2025-05-10,2025-05-11 15:00:00
1687,43,Helen,South,Widget B,2,95.53,2025-05-07,2025-05-07 09:00:00
1688,40,Charlie,West,Widget B,5,139.22,2025-05-11,2025-05-11 05:00:00
1689,72,Bob,South,Widget C,2,114.52,2025-05-11,2025-05-12 03:00:00
1690,53,Eva,West,Widget C,2,121.28,2025-05-04,2025-05-04 09:00:00
1691,24,Alice,East,Widget B,5,50.18,2025-05-01,2025-05-01 23:00:00
1692,11,Helen,South,Widget D,3,43.92,2025-05-13,2025-05-14 08:00:00
1693,61,Charlie,South,Widget B,2,24.19,2025-05-01,2025-05-01 18:00:00
1694,53,David,South,Widget B,1,43.02,2025-05-15,2025-05-16 16:00:00
1695,63,Frank,West,Widget B,4,72.63,2025-05-02,2025-05-03 15:00:00
1696,95,Grace,East,Widget D,5,142.09,2025-05-19,2025-05-20 15:00:00
1697,69,Alice,North,Widget D,4,127.51,2025-05-02,2025-05-02 16:00:00
1698,67,Grace,North,Widget D,5,119.47,2025-05-02,2025-05-02 13:00:00
1699,38,Helen,West,Widget C,3,79.98,2025-05-14,2025-05-14 19:00:00
1700,79,Alice,South,Widget D,4,31.76,2025-05-17,2025-05-17 08:00:00
1701,24,Charlie,West,Widget D,3,78.62,2025-05-06,2025-05-07 06:00:00
1702,76,David,West,Widget A,3,62.13,2025-05-06,2025-05-07 22:00:00
1703,94,Bob,North,Widget A,4,102.43,2025-05-03,2025-05-04 10:00:00
1704,91,Grace,South,Widget D,5,69.48,2025-05-06,2025-05-06 22:00:00
1705,73,Charlie,South,Widget B,2,119.99,2025-05-02,2025-05-03 03:00:00
1706,40,Eva,West,Widget C,2,35.28,2025-05-05,2025-05-05 13:00:00
1707,1,Eva,North,Widget D,4,131.2,2025-05-18,2025-05-18 01:00:00
1708,78,Helen,South,Widget B,5,105.73,2025-05-15,2025-05-16 03:00:00
1709,57,Bob,North,Widget B,5,56.15,2025-05-18,2025-05-18 14:00:00
1710,7,Charlie,South,Widget A,3,24.77,2025-05-02,2025-05-03 19:00:00
1711,74,Eva,East,Widget A,1,34.16,2025-05-06,2025-05-06 11:00:00
1712,87,Eva,South,Widget D,5,66.82,2025-05-02,2025-05-02 06:00:00
1713,99,Eva,East,Widget C,4,126.63,2025-05-14,2025-05-15 12:00:00
1714,9,Eva,West,Widget B,1,110.3,2025-05-09,2025-05-09 22:00:00
1715,68,Grace,South,Widget B,5,27.56,2025-05-19,2025-05-20 23:00:00
1716,81,Bob,West,Widget C,4,99.15,2025-05-11,2025-05-11 17:00:00
1717,68,Frank,South,Widget D,5,114.79,2025-05-16,2025-05-17 08:00:00
1718,24,David,East,Widget B,1,35.37,2025-05-15,2025-05-16 17:00:00
1719,16,David,West,Widget D,1,63.39,2025-05-18,2025-05-19 17:00:00
1720,28,Alice,South,Widget C,3,122.73,2025-05-10,2025-05-10 20:00:00
1721,65,Frank,North,Widget A,3,64.38,2025-05-19,2025-05-20 16:00:00
1722,4,Charlie,South,Widget C,3,139.9,2025-05-16,2025-05-17 07:00:00
1723,5,Charlie,West,Widget B,4,135.97,2025-05-18,2025-05-18 22:00:00
1724,60,Grace,North,Widget C,5,114.25,2025-05-11,2025-05-12 12:00:00
1725,69,Alice,South,Widget C,3,28.61,2025-05-05,2025-05-05 18:00:00
1726,4,Frank,West,Widget B,5,98.74,2025-05-06,2025-05-07 15:00:00
1727,15,Eva,East,Widget A,3,73.8,2025-05-16,2025-05-16 16:00:00
1728,48,Helen,East,Widget B,5,59.3,2025-05-04,2025-05-05 00:00:00
1729,5,David,North,Widget D,5,23.24,2025-05-16,2025-05-17 09:00:00
1730,20,David,East,Widget D,5,60.35,2025-05-11,2025-05-11 10:00:00
1731,99,Bob,South,Widget B,1,79.72,2025-05-17,2025-05-17 08:00:00
1732,1,Eva,North,Widget A,3,80.69,2025-05-02,2025-05-02 07:00:00
1733,67,Eva,North,Widget C,2,61.71,2025-05-07,2025-05-07 19:00:00
1734,36,Frank,West,Widget A,3,39.41,2025-05-09,2025-05-09 08:00:00
1735,2,Bob,South,Widget C,5,61.4,2025-05-05,2025-05-06 22:00:00
1736,37,David,South,Widget A,3,99.72,2025-05-11,2025-05-12 11:00:00
1737,57,Alice,South,Widget A,4,137.43,2025-05-02,2025-05-02 07:00:00
1738,50,Alice,North,Widget D,4,43.27,2025-05-20,2025-05-21 14:00:00
1739,81,Helen,East,Widget C,3,126.27,2025-05-18,2025-05-18 06:00:00
1740,97,Helen,South,Widget A,4,32.64,2025-05-10,2025-05-11 20:00:00
1741,83,Helen,West,Widget B,2,38.68,2025-05-20,2025-05-20 17:00:00
1742,47,Grace,South,Widget C,3,78.93,2025-05-01,2025-05-01 05:00:00
1743,61,Bob,East,Widget D,4,129.95,2025-05-10,2025-05-10 23:00:00
1744,78,Charlie,North,Widget D,1,62.36,2025-05-03,2025-05-03 20:00:00
1745,69,Helen,West,Widget D,2,100.71,2025-05-18,2025-05-18 11:00:00
1746,62,Grace,North,Widget C,2,125.81,2025-05-19,2025-05-20 04:00:00
1747,56,Frank,South,Widget B,1,116.12,2025-05-19,2025-05-20 08:00:00
1748,15,Helen,East,Widget A,4,42.9,2025-05-13,2025-05-13 05:00:00
1749,77,Bob,West,Widget C,4,103.85,2025-05-02,2025-05-02 06:00:00
1750,28,Charlie,North,Widget B,2,78.89,2025-05-10,2025-05-11 01:00:00
1751,79,Helen,South,Widget B,3,58.97,2025-05-10,2025-05-11 04:00:00
1752,92,Frank,North,Widget A,5,148.23,2025-05-13,2025-05-13 09:00:00
1753,38,Alice,East,Widget A,1,111.44,2025-05-12,2025-05-12 08:00:00
1754,37,Alice,South,Widget D,5,71.25,2025-05-11,2025-05-12 22:00:00
1755,49,Grace,West,Widget D,5,47.46,2025-05-06,2025-05-07 07:00:00
1756,18,David,West,Widget C,4,40.05,2025-05-05,2025-05-05 09:00:00
1757,2,Bob,North,Widget B,4,105.53,2025-05-05,2025-05-05 06:00:00
1758,18,Grace,West,Widget D,5,43.37,2025-05-17,2025-05-18 04:00:00
1759,71,Helen,West,Widget C,2,44.15,2025-05-20,2025-05-20 01:00:00
1760,74,Helen,South,Widget C,4,140.45,2025-05-19,2025-05-20 00:00:00
1761,5,Alice,West,Widget C,1,95.43,2025-05-03,2025-05-03 10:00:00
1762,94,Eva,West,Widget A,5,135.69,2025-05-03,2025-05-03 16:00:00
1763,61,Bob,East,Widget A,3,89.55,2025-05-01,2025-05-02 07:00:00
1764,59,Helen,East,Widget D,3,144.88,2025-05-10,2025-05-10 19:00:00
1765,22,Alice,East,Widget C,1,101.81,2025-05-19,2025-05-19 11:00:00
1766,74,Alice,East,Widget A,3,83.02,2025-05-05,2025-05-06 09:00:00
1767,10,Eva,East,Widget B,5,56.53,2025-05-09,2025-05-09 01:00:00
1768,95,Bob,South,Widget B,4,68.07,2025-05-06,2025-05-06 17:00:00
1769,90,David,West,Widget B,5,132.06,2025-05-11,2025-05-11 06:00:00
1770,19,Charlie,West,Widget D,4,50.93,2025-05-15,2025-05-16 23:00:00
1771,82,Charlie,South,Widget C,1,103.49,2025-05-04,2025-05-04 04:00:00
1772,22,Helen,West,Widget D,3,81.91,2025-05-18,2025-05-18 15:00:00
1773,49,Grace,West,Widget C,2,88.96,2025-05-14,2025-05-14 01:00:00
1774,37,Helen,West,Widget C,5,108.77,2025-05-02,2025-05-02 07:00:00
1775,69,Frank,West,Widget C,3,55.14,2025-05-04,2025-05-04 17:00:00
1776,84,Grace,West,Widget B,5,120.16,2025-05-17,2025-05-17 22:00:00
1777,87,Charlie,East,Widget A,1,128.12,2025-05-01,2025-05-02 03:00:00
1778,13,Bob,West,Widget C,2,114.28,2025-05-09,2025-05-09 13:00:00
1779,5,Alice,North,Widget A,5,105.36,2025-05-07,2025-05-08 15:00:00
1780,82,Bob,North,Widget A,5,36.89,2025-05-19,2025-05-19 12:00:00
1781,15,Charlie,East,Widget C,4,105.86,2025-05-03,2025-05-04 17:00:00
1782,59,Eva,West,Widget C,3,41.06,2025-05-03,2025-05-03 18:00:00
1783,100,Alice,West,Widget D,3,149.47,2025-05-09,2025-05-09 17:00:00
1784,23,Helen,North,Widget D,2,99.34,2025-05-06,2025-05-07 18:00:00
1785,63,Bob,South,Widget D,2,99.82,2025-05-04,2025-05-05 05:00:00
1786,92,Eva,North,Widget A,1,29.15,2025-05-09,2025-05-10 05:00:00
1787,3,Helen,South,Widget A,1,106.4,2025-05-09,2025-05-09 10:00:00
1788,90,Frank,West,Widget A,5,111.99,2025-05-16,2025-05-17 07:00:00
1789,56,Grace,North,Widget B,1,69.98,2025-05-16,2025-05-16 08:00:00
1790,73,Frank,East,Widget C,4,27.18,2025-05-03,2025-05-04 00:00:00
1791,69,Frank,North,Widget D,3,104.21,2025-05-06,2025-05-07 12:00:00
1792,6,Grace,South,Widget C,4,136.54,2025-05-12,2025-05-13 08:00:00
1793,11,Helen,South,Widget B,1,45.1,2025-05-19,2025-05-19 16:00:00
1794,63,Grace,North,Widget C,4,89.41,2025-05-15,2025-05-15 02:00:00
1795,5,Frank,North,Widget C,1,72.72,2025-05-07,2025-05-08 18:00:00
1796,86,Helen,South,Widget B,1,24.79,2025-05-05,2025-05-06 08:00:00
1797,84,Alice,West,Widget A,2,111.17,2025-05-05,2025-05-05 01:00:00
1798,23,Alice,East,Widget A,4,99.46,2025-05-19,2025-05-19 05:00:00
1799,14,Bob,West,Widget B,1,124.58,2025-05-14,2025-05-14 22:00:00
1800,95,Grace,East,Widget A,5,90.97,2025-05-11,2025-05-11 14:00:00
1801,98,Alice,South,Widget C,1,35.7,2025-05-05,2025-05-06 03:00:00
1802,22,Frank,South,Widget D,2,140.34,2025-05-02,2025-05-02 09:00:00
1803,13,Grace,South,Widget A,4,30.49,2025-05-01,2025-05-01 12:00:00
1804,12,Eva,West,Widget D,2,46.8,2025-05-09,2025-05-10 10:00:00
1805,58,Grace,South,Widget B,5,109.92,2025-05-20,2025-05-20 12:00:00
1806,92,Helen,North,Widget C,3,74.44,2025-05-18,2025-05-18 16:00:00
1807,25,Bob,North,Widget C,5,85.98,2025-05-15,2025-05-16 17:00:00
1808,85,David,East,Widget A,2,34.65,2025-05-05,2025-05-06 20:00:00
1809,61,Helen,South,Widget B,1,27.02,2025-05-12,2025-05-12 19:00:00
1810,27,Grace,East,Widget C,5,124.67,2025-05-15,2025-05-15 03:00:00
1811,14,Alice,South,Widget B,1,83.06,2025-05-04,2025-05-04 05:00:00
1812,31,Helen,East,Widget D,2,117.12,2025-05-11,2025-05-11 15:00:00
1813,100,Bob,East,Widget B,1,50.83,2025-05-14,2025-05-14 13:00:00
1814,49,David,North,Widget D,5,82.97,2025-05-14,2025-05-14 10:00:00
1815,28,Helen,South,Widget D,3,37.73,2025-05-07,2025-05-08 17:00:00
1816,46,Eva,South,Widget C,2,24.17,2025-05-19,2025-05-19 04:00:00
1817,36,Charlie,North,Widget D,4,74.37,2025-05-11,2025-05-11 15:00:00
1818,38,Charlie,South,Widget B,1,73.52,2025-05-17,2025-05-18 08:00:00
1819,28,Helen,West,Widget C,1,114.9,2025-05-08,2025-05-08 16:00:00
1820,42,Grace,South,Widget B,5,136.77,2025-05-14,2025-05-14 03:00:00
1821,6,Helen,North,Widget D,5,71.26,2025-05-04,2025-05-05 05:00:00
1822,64,David,North,Widget A,4,143.49,2025-05-05,2025-05-05 23:00:00
1823,38,David,North,Widget A,4,106.97,2025-05-06,2025-05-07 22:00:00
1824,59,Alice,West,Widget D,2,133.65,2025-05-13,2025-05-13 12:00:00
1825,48,Helen,North,Widget A,4,136.15,2025-05-11,2025-05-12 10:00:00
1826,5,Eva,West,Widget C,5,90.52,2025-05-07,2025-05-08 20:00:00
1827,11,Frank,North,Widget C,1,34.43,2025-05-12,2025-05-13 06:00:00
1828,80,Alice,East,Widget C,2,104.26,2025-05-03,2025-05-04 12:00:00
1829,91,David,South,Widget C,2,90.15,2025-05-16,2025-05-18 00:00:00
1830,97,David,South,Widget C,3,136.73,2025-05-17,2025-05-18 20:00:00
1831,55,Eva,North,Widget A,3,64.88,2025-05-16,2025-05-17 09:00:00
1832,68,Bob,West,Widget C,4,100.72,2025-05-03,2025-05-03 13:00:00
1833,59,Bob,North,Widget D,2,57.49,2025-05-03,2025-05-03 07:00:00
1834,22,Eva,North,Widget B,4,39.56,2025-05-07,2025-05-08 10:00:00
1835,81,Alice,East,Widget D,5,141.12,2025-05-16,2025-05-16 23:00:00
1836,54,Helen,North,Widget C,2,28.18,2025-05-08,2025-05-09 10:00:00
1837,83,Frank,West,Widget C,3,83.2,2025-05-17,2025-05-18 12:00:00
1838,57,Helen,East,Widget B,3,42.33,2025-05-09,2025-05-09 15:00:00
1839,62,Frank,East,Widget A,2,65.91,2025-05-15,2025-05-15 11:00:00
1840,80,Charlie,East,Widget B,2,129.11,2025-05-05,2025-05-05 11:00:00
1841,31,Bob,North,Widget C,5,36.44,2025-05-09,2025-05-10 00:00:00
1842,24,David,North,Widget C,3,39.23,2025-05-15,2025-05-16 11:00:00
1843,21,Eva,North,Widget A,4,141.04,2025-05-05,2025-05-06 06:00:00
1844,41,Charlie,North,Widget C,3,81.61,2025-05-10,2025-05-11 13:00:00
1845,86,Charlie,West,Widget C,1,115.11,2025-05-02,2025-05-02 09:00:00
1846,87,Bob,East,Widget A,4,100.28,2025-05-08,2025-05-09 05:00:00
1847,46,Bob,East,Widget A,5,103.37,2025-05-19,2025-05-20 10:00:00
1848,29,Eva,South,Widget A,1,89.99,2025-05-15,2025-05-16 20:00:00
1849,86,Bob,West,Widget B,4,61.31,2025-05-20,2025-05-21 09:00:00
1850,8,Frank,West,Widget B,4,68.05,2025-05-12,2025-05-12 01:00:00
1851,37,Frank,East,Widget C,4,133.66,2025-05-03,2025-05-03 14:00:00
1852,94,Helen,West,Widget D,3,41.29,2025-05-14,2025-05-15 23:00:00
1853,54,Charlie,North,Widget B,2,59.42,2025-05-17,2025-05-17 22:00:00
1854,9,Grace,North,Widget A,4,103.04,2025-05-09,2025-05-10 03:00:00
1855,23,Helen,South,Widget B,2,128.2,2025-05-10,2025-05-11 12:00:00
1856,63,Alice,East,Widget C,4,92.71,2025-05-15,2025-05-15 15:00:00
1857,4,Alice,South,Widget C,3,144.28,2025-05-16,2025-05-16 08:00:00
1858,84,Eva,West,Widget B,4,137.88,2025-05-08,2025-05-08 02:00:00
1859,16,Eva,West,Widget A,5,116.92,2025-05-19,2025-05-20 07:00:00
1860,73,Grace,East,Widget D,1,68.52,2025-05-19,2025-05-19 02:00:00
1861,34,Charlie,North,Widget B,3,79.94,2025-05-05,2025-05-05 23:00:00
1862,21,Alice,East,Widget C,4,102.71,2025-05-12,2025-05-12 04:00:00
1863,38,Eva,North,Widget B,2,119.41,2025-05-20,2025-05-20 11:00:00
1864,70,Frank,East,Widget C,3,109.11,2025-05-12,2025-05-12 07:00:00
1865,69,Frank,South,Widget A,2,87.36,2025-05-12,2025-05-13 08:00:00
1866,53,Frank,South,Widget A,2,40.09,2025-05-08,2025-05-08 13:00:00
1867,72,Bob,West,Widget D,1,35.15,2025-05-05,2025-05-05 02:00:00
1868,62,Frank,East,Widget C,2,126.22,2025-05-20,2025-05-21 10:00:00
1869,98,Frank,South,Widget C,1,116.78,2025-05-04,2025-05-04 15:00:00
1870,17,Charlie,South,Widget C,2,47.28,2025-05-03,2025-05-04 04:00:00
1871,89,Bob,North,Widget A,4,118.45,2025-05-02,2025-05-02 13:00:00
1872,14,Alice,North,Widget D,1,138.11,2025-05-02,2025-05-02 05:00:00
1873,39,Alice,North,Widget A,5,46.7,2025-05-07,2025-05-07 12:00:00
1874,86,Frank,North,Widget A,2,129.96,2025-05-09,2025-05-10 14:00:00
1875,45,Frank,South,Widget B,5,94.13,2025-05-04,2025-05-05 14:00:00
1876,98,Alice,South,Widget B,3,42.33,2025-05-18,2025-05-18 01:00:00
1877,93,Bob,South,Widget D,3,110.76,2025-05-06,2025-05-07 05:00:00
1878,87,Bob,South,Widget C,4,75.13,2025-05-17,2025-05-17 15:00:00
1879,53,Bob,East,Widget A,4,34.34,2025-05-05,2025-05-06 08:00:00
1880,98,Frank,East,Widget A,1,62.66,2025-05-04,2025-05-05 01:00:00
1881,37,Helen,East,Widget D,2,92.01,2025-05-10,2025-05-11 04:00:00
1882,25,Bob,West,Widget C,2,21.66,2025-05-16,2025-05-17 20:00:00
1883,14,Grace,West,Widget A,1,38.64,2025-05-13,2025-05-14 21:00:00
1884,76,Bob,South,Widget A,3,146.78,2025-05-11,2025-05-11 13:00:00
1885,77,Grace,North,Widget B,4,114.28,2025-05-09,2025-05-10 22:00:00
1886,99,Eva,West,Widget C,4,106.67,2025-05-13,2025-05-14 08:00:00
1887,66,Eva,South,Widget D,1,35.88,2025-05-16,2025-05-17 08:00:00
1888,30,Charlie,North,Widget A,1,127.94,2025-05-16,2025-05-17 20:00:00
1889,4,Charlie,West,Widget C,2,59.36,2025-05-20,2025-05-20 07:00:00
1890,98,Bob,West,Widget D,2,58.16,2025-05-16,2025-05-17 08:00:00
1891,65,Eva,East,Widget A,1,148.79,2025-05-04,2025-05-05 01:00:00
1892,58,Frank,West,Widget D,4,24.68,2025-05-06,2025-05-07 12:00:00
1893,85,Eva,South,Widget D,4,37.48,2025-05-13,2025-05-14 08:00:00
1894,98,Bob,West,Widget D,4,93.09,2025-05-06,2025-05-07 09:00:00
1895,8,Grace,East,Widget D,5,146.21,2025-05-20,2025-05-21 20:00:00
1896,46,Eva,East,Widget A,1,96.76,2025-05-05,2025-05-06 00:00:00
1897,45,Alice,East,Widget D,1,75.66,2025-05-12,2025-05-13 03:00:00
1898,45,Alice,South,Widget B,2,104.25,2025-05-19,2025-05-19 06:00:00
1899,89,Bob,East,Widget A,3,42.07,2025-05-18,2025-05-18 21:00:00
1900,5,Helen,West,Widget D,3,22.65,2025-05-16,2025-05-17 14:00:00
1901,3,Frank,West,Widget D,3,94.43,2025-05-16,2025-05-16 07:00:00
1902,89,David,East,Widget D,5,125.49,2025-05-11,2025-05-11 11:00:00
1903,79,Eva,East,Widget D,2,84.6,2025-05-03,2025-05-04 11:00:00
1904,28,Eva,East,Widget A,3,149.51,2025-05-13,2025-05-13 15:00:00
1905,80,Bob,North,Widget C,3,28.75,2025-05-17,2025-05-18 07:00:00
1906,55,David,East,Widget A,3,85.6,2025-05-10,2025-05-11 04:00:00
1907,85,Frank,South,Widget D,4,52.66,2025-05-17,2025-05-18 06:00:00
1908,86,Charlie,North,Widget B,5,84.9,2025-05-15,2025-05-15 18:00:00
1909,82,Grace,North,Widget B,3,80.12,2025-05-08,2025-05-08 10:00:00
1910,96,Eva,West,Widget D,3,131.82,2025-05-03,2025-05-04 17:00:00
1911,27,Grace,East,Widget C,2,53.34,2025-05-20,2025-05-20 16:00:00
1912,52,David,North,Widget B,2,23.6,2025-05-10,2025-05-11 06:00:00
1913,63,Grace,West,Widget A,2,40.72,2025-05-05,2025-05-05 02:00:00
1914,34,Eva,South,Widget A,4,121.69,2025-05-02,2025-05-02 06:00:00
1915,41,Eva,North,Widget D,3,107.32,2025-05-03,2025-05-04 02:00:00
1916,93,Charlie,South,Widget A,5,115.48,2025-05-04,2025-05-05 10:00:00
1917,86,Eva,West,Widget A,2,97.98,2025-05-11,2025-05-11 22:00:00
1918,75,Grace,South,Widget D,2,38.76,2025-05-06,2025-05-06 14:00:00
1919,36,Helen,West,Widget C,5,27.27,2025-05-18,2025-05-19 00:00:00
1920,90,Bob,East,Widget D,4,108.76,2025-05-09,2025-05-09 10:00:00
1921,47,Helen,East,Widget C,1,103.9,2025-05-20,2025-05-20 03:00:00
1922,95,Alice,South,Widget C,5,70.01,2025-05-12,2025-05-13 20:00:00
1923,16,David,West,Widget D,1,138.27,2025-05-13,2025-05-13 17:00:00
1924,39,Bob,South,Widget C,2,131.72,2025-05-06,2025-05-07 05:00:00
1925,81,Frank,West,Widget A,3,132.64,2025-05-16,2025-05-17 07:00:00
1926,95,Grace,East,Widget D,1,127.17,2025-05-09,2025-05-10 09:00:00
1927,9,Frank,West,Widget C,4,110.38,2025-05-02,2025-05-03 18:00:00
1928,83,Charlie,West,Widget B,1,72.09,2025-05-10,2025-05-10 21:00:00
1929,74,Bob,North,Widget B,2,87.13,2025-05-05,2025-05-06 15:00:00
1930,88,Grace,East,Widget D,4,133.56,2025-05-05,2025-05-05 17:00:00
1931,23,Frank,East,Widget B,1,73.88,2025-05-06,2025-05-07 02:00:00
1932,49,David,North,Widget A,5,104.12,2025-05-08,2025-05-08 06:00:00
1933,60,David,East,Widget B,1,72.13,2025-05-14,2025-05-15 15:00:00
1934,34,Charlie,North,Widget C,2,143.14,2025-05-04,2025-05-04 01:00:00
1935,92,Grace,West,Widget D,1,49.18,2025-05-07,2025-05-07 13:00:00
1936,35,Eva,West,Widget D,2,76.07,2025-05-07,2025-05-08 15:00:00
1937,28,Eva,South,Widget D,2,73.11,2025-05-05,2025-05-05 02:00:00
1938,38,Eva,South,Widget D,2,68.05,2025-05-15,2025-05-15 06:00:00
1939,2,Helen,South,Widget C,4,109.29,2025-05-13,2025-05-14 22:00:00
1940,55,Eva,North,Widget A,5,27.64,2025-05-11,2025-05-11 16:00:00
1941,61,Frank,North,Widget A,3,85.59,2025-05-13,2025-05-13 20:00:00
1942,51,Frank,South,Widget A,5,43.32,2025-05-06,2025-05-07 09:00:00
1943,64,Frank,West,Widget B,1,61.25,2025-05-17,2025-05-18 04:00:00
1944,19,Eva,North,Widget C,1,147.21,2025-05-16,2025-05-16 18:00:00
1945,96,Frank,West,Widget C,3,99.68,2025-05-09,2025-05-10 10:00:00
1946,41,Grace,South,Widget C,4,119.28,2025-05-05,2025-05-06 12:00:00
1947,85,Helen,North,Widget B,2,27.09,2025-05-06,2025-05-06 03:00:00
1948,61,Eva,South,Widget D,4,35.08,2025-05-16,2025-05-16 03:00:00
1949,57,Frank,West,Widget D,4,34.62,2025-05-05,2025-05-05 08:00:00
1950,45,Bob,South,Widget C,2,128.54,2025-05-17,2025-05-17 18:00:00
1951,73,David,North,Widget B,4,139.65,2025-05-08,2025-05-09 08:00:00
1952,87,Bob,East,Widget A,3,108.57,2025-05-04,2025-05-05 02:00:00
1953,48,Bob,East,Widget B,1,30.54,2025-05-16,2025-05-17 06:00:00
1954,81,Eva,North,Widget C,1,105.3,2025-05-15,2025-05-15 21:00:00
1955,94,Charlie,South,Widget A,3,62.01,2025-05-02,2025-05-04 00:00:00
1956,10,Grace,North,Widget D,3,43.14,2025-05-13,2025-05-13 06:00:00
1957,3,David,South,Widget D,4,57.04,2025-05-05,2025-05-05 08:00:00
1958,39,Helen,West,Widget C,5,37.07,2025-05-04,2025-05-05 00:00:00
1959,66,David,West,Widget D,4,81.94,2025-05-19,2025-05-20 15:00:00
1960,55,Bob,West,Widget C,5,44.23,2025-05-14,2025-05-14 06:00:00
1961,6,Frank,West,Widget B,2,140.99,2025-05-17,2025-05-18 17:00:00
1962,83,Bob,East,Widget D,4,30.29,2025-05-16,2025-05-16 20:00:00
1963,20,Charlie,East,Widget B,5,75.61,2025-05-19,2025-05-19 04:00:00
1964,71,Bob,North,Widget A,5,75.24,2025-05-04,2025-05-05 06:00:00
1965,85,Eva,East,Widget C,5,30.63,2025-05-17,2025-05-17 02:00:00
1966,15,Helen,South,Widget B,4,25.88,2025-05-14,2025-05-15 22:00:00
1967,39,Frank,West,Widget D,5,125.02,2025-05-11,2025-05-11 12:00:00
1968,28,Charlie,North,Widget C,1,76.39,2025-05-01,2025-05-01 01:00:00
1969,51,Bob,North,Widget B,4,79.82,2025-05-13,2025-05-14 19:00:00
1970,96,Helen,East,Widget C,4,124.6,2025-05-03,2025-05-03 09:00:00
1971,18,Alice,South,Widget A,1,110.48,2025-05-07,2025-05-07 02:00:00
1972,27,Helen,South,Widget B,4,129.47,2025-05-18,2025-05-18 13:00:00
1973,12,Eva,West,Widget B,4,74.84,2025-05-04,2025-05-04 11:00:00
1974,20,Helen,West,Widget D,1,131.77,2025-05-19,2025-05-19 16:00:00
1975,26,Eva,West,Widget A,3,21.02,2025-05-14,2025-05-15 03:00:00
1976,64,Eva,North,Widget D,4,83.19,2025-05-19,2025-05-20 23:00:00
1977,79,Helen,South,Widget A,5,22.47,2025-05-19,2025-05-19 21:00:00
1978,71,Bob,East,Widget D,4,35.2,2025-05-20,2025-05-21 18:00:00
1979,45,Helen,West,Widget A,2,57.44,2025-05-07,2025-05-08 07:00:00
1980,45,Helen,South,Widget B,5,138.18,2025-05-11,2025-05-12 15:00:00
1981,92,Helen,South,Widget C,4,144.77,2025-05-12,2025-05-13 07:00:00
1982,21,David,East,Widget A,4,36.78,2025-05-07,2025-05-07 11:00:00
1983,78,Helen,North,Widget D,4,59.47,2025-05-07,2025-05-08 12:00:00
1984,7,Alice,East,Widget C,3,108.0,2025-05-06,2025-05-07 09:00:00
1985,5,Bob,East,Widget D,1,100.28,2025-05-04,2025-05-05 12:00:00
1986,29,Helen,East,Widget C,3,120.02,2025-05-18,2025-05-18 18:00:00
1987,20,Bob,North,Widget D,4,145.14,2025-05-04,2025-05-04 07:00:00
1988,79,Bob,North,Widget A,2,101.89,2025-05-07,2025-05-08 00:00:00
1989,21,Eva,West,Widget D,1,40.06,2025-05-12,2025-05-12 22:00:00
1990,18,Bob,South,Widget D,4,120.0,2025-05-01,2025-05-01 16:00:00
1991,61,Frank,East,Widget B,1,54.58,2025-05-14,2025-05-15 00:00:00
1992,81,David,South,Widget D,2,37.94,2025-05-14,2025-05-15 03:00:00
1993,53,Helen,East,Widget A,4,38.93,2025-05-01,2025-05-02 22:00:00
1994,67,Bob,North,Widget C,3,72.21,2025-05-06,2025-05-07 04:00:00
1995,8,Grace,North,Widget B,5,27.52,2025-05-17,2025-05-17 19:00:00
1996,54,Grace,East,Widget C,3,21.03,2025-05-09,2025-05-10 10:00:00
1997,79,Charlie,West,Widget D,2,135.39,2025-05-20,2025-05-21 16:00:00
1998,84,Helen,East,Widget D,2,134.53,2025-05-03,2025-05-03 03:00:00
1999,69,Frank,West,Widget B,5,148.95,2025-05-10,2025-05-10 14:00:00
2000,12,Eva,East,Widget B,1,23.63,2025-05-18,2025-05-19 14:00:00
2001,99,Francis,East,Widget B,5,148.95,2025-06-30,2025-06-30 14:00:00
2002,100,Benedict,East,Widget B,1,23.63,2025-06-30,2025-06-30 14:00:00